{
  "total_samples": 407,
  "train_samples": 325,
  "val_samples": 82,
  "matrix_shape": [
    90,
    90
  ],
  "fc_stats": {
    "mean": 0.3946687054137596,
    "std": 0.3156138010723792,
    "min": -1.2118145595776353,
    "max": 2.4108646230833584
  },
  "sc_stats": {
    "mean": 0.05618603155016899,
    "std": 0.14575983583927155,
    "min": 0.0,
    "max": 1.1194491386413574
  },
  "label_distribution": {
    "class_0": 47,
    "class_1": 170
  }
}